{
  "placeholderImages": [
    {
      "id": "hero",
      "description": "Abstract office background",
      "imageUrl": "https://images.unsplash.com/photo-1462826303086-329426d1aef5?crop=entropy&cs=tinysrgb&fit=max&fm=jpg&ixid=M3w3NDE5ODJ8MHwxfHNlYXJjaHwxfHxvZmZpY2UlMjB3b3Jrc3BhY2V8ZW58MHx8fHwxNzU4NzI5NDUwfDA&ixlib=rb-4.1.0&q=80&w=1080",
      "imageHint": "office workspace"
    },
    {
      "id": "portrait",
      "description": "A high-quality portrait of a person.",
      "imageUrl": "https://images.unsplash.com/photo-1590086782792-42dd2350140d?crop=entropy&cs=tinysrgb&fit=max&fm=jpg&ixid=M3w3NDE5ODJ8MHwxfHNlYXJjaHw1fHxwZXJzb24lMjBwb3J0cmFpdHxlbnwwfHx8fDE3NTg3ODg5NzR8MA&ixlib=rb-4.1.0&q=80&w=1080",
      "imageHint": "person portrait"
    },
    {
      "id": "project-1",
      "description": "A modern web application interface",
      "imageUrl": "https://images.unsplash.com/photo-1559028006-448665bd7c7f?crop=entropy&cs=tinysrgb&fit=max&fm=jpg&ixid=M3w3NDE5ODJ8MHwxfHNlYXJjaHw0fHx3ZWIlMjBhcHB8ZW58MHx8fHwxNzU4ODEwOTg1fDA&ixlib=rb-4.1.0&q=80&w=1080",
      "imageHint": "web app"
    },
    {
      "id": "project-2",
      "description": "A sleek mobile app screen",
      "imageUrl": "https://images.unsplash.com/photo-1512428559087-560fa5ceab42?crop=entropy&cs=tinysrgb&fit=max&fm=jpg&ixid=M3w3NDE5ODJ8MHwxfHNlYXJjaHw3fHxtb2JpbGUlMjBhcHB8ZW58MHx8fHwxNzU4ODAzMzIzfDA&ixlib=rb-4.1.0&q=80&w=1080",
      "imageHint": "mobile app"
    },
    {
      "id": "project-3",
      "description": "Another modern web application interface",
      "imageUrl": "https://images.unsplash.com/photo-1567775454727-7754556725f0?crop=entropy&cs=tinysrgb&fit=max&fm=jpg&ixid=M3w3NDE5ODJ8MHwxfHNlYXJjaHw2fHxkYXNoYm9hcmQlMjB1aXxlbnwwfHx8fDE3NTg3OTk3NTV8MA&ixlib=rb-4.1.0&q=80&w=1080",
      "imageHint": "dashboard ui"
    },
    {
      "id": "project-4",
      "description": "A person coding on a laptop",
      "imageUrl": "https://images.unsplash.com/photo-1628258334105-2a0b3d6efee1?crop=entropy&cs=tinysrgb&fit=max&fm=jpg&ixid=M3w3NDE5ODJ8MHwxfHNlYXJjaHw5fHxsYXB0b3AlMjBjb2RlfGVufDB8fHx8MTc1ODgxMTM1NHww&ixlib=rb-4.1.0&q=80&w=1080",
      "imageHint": "laptop code"
    }
  ]
}